,colnames
0,00
1,02
2,03
3,05
4,06
5,08
6,10
7,100
8,10pm
9,12
10,125
11,13
12,14
13,14th
14,15
15,15mins
16,15p
17,15pm
18,16
19,17
20,175
21,17th
22,180
23,19
24,19th
25,1am
26,1pm
27,1st
28,20
29,2008
30,2017
31,2018
32,2019
33,20mins
34,20pm
35,21
36,21st
37,22
38,23
39,2330
40,24
41,25
42,250
43,25th
44,26
45,28
46,28th
47,29
48,29th
49,2hrs
50,2nd
51,2pm
52,30
53,300
54,30pm
55,32
56,330ml
57,332
58,34
59,35
60,36
61,360
62,360o
63,36th
64,37
65,37th
66,38
67,38th
68,39
69,39th
70,3rd
71,40
72,40min
73,40mins
74,40th
75,45
76,48th
77,49
78,49pp
79,4am
80,4pm
81,50
82,500
83,50th
84,52
85,55
86,5gbp
87,5pm
88,60
89,600
90,60th
91,6pm
92,70
93,70pp
94,70th
95,74
96,75
97,7pm
98,88
99,8pm
100,90
101,9pm
102,aberdeen
103,ability
104,able
105,ably
106,abound
107,abrupt
108,abruptly
109,absolute
110,absolutely
111,absorb
112,abt
113,accent
114,accept
115,acceptable
116,access
117,accidentally
118,accommodate
119,accommodating
120,accomodated
121,accompaniment
122,accompany
123,accomplished
124,accurate
125,accuse
126,ace
127,achieve
128,achievement
129,acknowledge
130,act
131,activity
132,actually
133,adam
134,add
135,added
136,addition
137,additional
138,address
139,adequate
140,adhere
141,adjacent
142,admire
143,admit
144,admittedly
145,adopt
146,adornment
147,adrift
148,adult
149,advance
150,advertise
151,advertising
152,advice
153,adviced
154,advisable
155,advise
156,advises
157,aesthetic
158,affair
159,affordable
160,afraid
161,africa
162,african
163,afternoon
164,afterwords
165,age
166,aggressive
167,ago
168,agree
169,agreed
170,ahead
171,aim
172,air
173,aircon
174,alcohol
175,alcoholic
176,alert
177,allergen
178,allergic
179,allergy
180,allocate
181,allot
182,allow
183,alp
184,alright
185,altemaire
186,alteration
187,alternative
188,altogether
189,alway
190,amateurs
191,amaze
192,amazing
193,amazingly
194,ambassador
195,ambiance
196,ambience
197,ambient
198,amend
199,america
200,american
201,amicable
202,amlost
203,amouse
204,amuse
205,ana
206,ancient
207,andrea
208,angelita
209,angle
210,angus
211,anniversary
212,annoy
213,annoying
214,answer
215,antoinella
216,antoneiia
217,antonella
218,anymore
219,apart
220,apero
221,apologetic
222,apologiesed
223,apologise
224,apologize
225,apology
226,appal
227,apparent
228,apparently
229,appeal
230,appealing
231,appear
232,appearance
233,appetiser
234,apple
235,applicable
236,apply
237,appreciate
238,apprehension
239,appricaiate
240,approach
241,approachable
242,appropriate
243,appropriately
244,approximately
245,aquashard
246,arabian
247,area
248,arena
249,argue
250,argumentative
251,arm
252,arrange
253,arrangement
254,arrival
255,arrive
256,arrogant
257,art
258,artichoke
259,artistic
260,artistically
261,ashamed
262,aside
263,ask
264,aspalls
265,asparagus
266,aspect
267,assist
268,assistance
269,associated
270,association
271,assume
272,assure
273,astonish
274,astonishing
275,astound
276,astronomical
277,ate
278,atelier
279,atention
280,athina
281,athletic
282,atmosphere
283,atop
284,atrocious
285,attach
286,attached
287,attempt
288,attempted
289,attend
290,attention
291,attentive
292,attentiveness
293,attic
294,attire
295,attitude
296,attract
297,attraction
298,attractively
299,aubergine
300,audacity
301,aunt
302,aurelia
303,aurelie
304,auspicious
305,authority
306,automatically
307,availability
308,available
309,avarage
310,average
311,avocado
312,avoid
313,awa
314,award
315,away
316,awesome
317,awful
318,awkward
319,awkwardly
320,ba
321,backdrop
322,background
323,bad
324,badly
325,bag
326,bahrain
327,bake
328,balance
329,ball
330,balloon
331,banana
332,band
333,banging
334,bank
335,banker
336,banquette
337,banter
338,banya
339,bar
340,barbie
341,barely
342,bargain
343,barley
344,barman
345,bartender
346,base
347,basic
348,basically
349,basil
350,basis
351,bass
352,bath
353,bathroom
354,bcause
355,beach
356,bean
357,bear
358,bearing
359,beast
360,beaten
361,beatiful
362,beaumont
363,beautiful
364,beautifull
365,beautifully
366,bed
367,beef
368,beer
369,beetroot
370,begging
371,begin
372,beginning
373,begrudgingly
374,behaviour
375,belarus
376,believable
377,believe
378,belly
379,ben
380,berry
381,bespoke
382,best
383,bet
384,beverage
385,beware
386,bic
387,big
388,biggie
389,billing
390,bind
391,bird
392,birthday
393,bit
394,bitter
395,black
396,blackcurrant
397,blame
398,blanc
399,bland
400,blanket
401,blasting
402,blend
403,blip
404,blob
405,block
406,blood
407,bloody
408,blow
409,blue
410,blunt
411,boar
412,board
413,body
414,bodybuilding
415,boil
416,boka
417,bokan
418,boken
419,bone
420,bonfire
421,bonus
422,book
423,bookable
424,booking
425,bore
426,boring
427,bos
428,bother
429,bottle
430,bottled
431,bottomless
432,bouche
433,boucher
434,bouillabaisse
435,bouncer
436,bowl
437,box
438,boyfriend
439,boys
440,bracket
441,brand
442,brash
443,brass
444,bravo
445,bread
446,break
447,breakfast
448,breast
449,breath
450,breathtaking
451,breed
452,breno
453,brest
454,brew
455,bridge
456,brief
457,bright
458,brilliant
459,bring
460,british
461,brother
462,brown
463,brownie
464,brunch
465,brushed
466,bubble
467,bubbly
468,bucco
469,bucket
470,bud
471,budget
472,buffet
473,build
474,building
475,bulgarian
476,bump
477,bunch
478,burger
479,burn
480,burrata
481,business
482,busy
483,butcher
484,butter
485,butternut
486,buy
487,buzz
488,buzzy
489,ca
490,cafe
491,cake
492,calamari
493,calibre
494,calm
495,canal
496,canape
497,canary
498,cancel
499,cancellation
500,candle
501,candy
502,capital
503,caput
504,caravan
505,card
506,care
507,career
508,carefully
509,carluccio
510,carnivore
511,carole
512,carpaccio
513,carpet
514,carry
515,carte
516,case
517,cashew
518,casual
519,catch
520,cater
521,catered
522,catering
523,caters
524,cauliflower
525,cause
526,cease
527,ceiling
528,celebrate
529,celebration
530,celebratory
531,celebrity
532,celeriac
533,celery
534,central
535,centre
536,certain
537,certainly
538,chablis
539,chair
540,challenge
541,champagne
542,chance
543,change
544,chap
545,chapel
546,char
547,charcuterie
548,charge
549,charisma
550,charlotte
551,charm
552,charming
553,chase
554,chat
555,chatter
556,cheap
557,check
558,cheek
559,cheeky
560,cheep
561,cheerful
562,cheese
563,cheeseboard
564,cheesecake
565,chef
566,chefs
567,chenin
568,cherry
569,chewy
570,chicken
571,chickpea
572,chief
573,chil
574,child
575,chill
576,chilled
577,chilly
578,chimichurri
579,chip
580,chique
581,chit
582,chockolate
583,chocolate
584,chocoloatea
585,chocomouse
586,choice
587,choises
588,choose
589,chop
590,chorizo
591,christmas
592,chuck
593,chunk
594,cider
595,cigar
596,cinnamon
597,cipriani
598,circa
599,citrus
600,city
601,claim
602,clam
603,clammy
604,claret
605,class
606,classic
607,classical
608,classy
609,clean
610,cleanser
611,clear
612,clearly
613,clementine
614,clever
615,client
616,clientele
617,close
618,closed
619,closer
620,closing
621,cloud
622,cloudy
623,club
624,clue
625,clumsiness
626,coat
627,cocktail
628,cocktails
629,coco
630,coconut
631,cod
632,code
633,coffe
634,coffee
635,coincidence
636,coktails
637,cold
638,coldish
639,colleague
640,collect
641,colour
642,column
643,com
644,combination
645,combine
646,combo
647,come
648,comfort
649,comfortable
650,comfy
651,command
652,comment
653,commentary
654,commentate
655,common
656,communal
657,communicate
658,communication
659,comp
660,compact
661,company
662,comparable
663,compare
664,comparison
665,compensate
666,compensation
667,compete
668,competition
669,complain
670,complaining
671,complaint
672,complement
673,complete
674,completely
675,complex
676,complicate
677,complicated
678,compliment
679,complimentary
680,complimentory
681,component
682,compose
683,comprise
684,compromise
685,concept
686,concern
687,conclusion
688,condition
689,confetti
690,confidently
691,confirm
692,confortable
693,confront
694,confrontation
695,confuse
696,confused
697,confusing
698,confusion
699,confy
700,congrats
701,congratulate
702,congratulation
703,connoisseur
704,consider
705,considerably
706,considerate
707,consideration
708,consist
709,constantin
710,constantly
711,consult
712,consume
713,consumer
714,contact
715,contain
716,continue
717,convenient
718,conversation
719,converse
720,convert
721,cook
722,cooked
723,cooker
724,cooking
725,cool
726,cop
727,core
728,corentin
729,cork
730,corner
731,corporate
732,correct
733,corridor
734,cost
735,cosy
736,cottage
737,coty
738,counter
739,couple
740,courgette
741,course
742,courteous
743,covent
744,cover
745,cow
746,coz
747,cozy
748,crab
749,cracker
750,craft
751,crash
752,crave
753,crazy
754,cream
755,creamy
756,create
757,creative
758,creatively
759,creativity
760,crew
761,crisp
762,crispy
763,cristian
764,critical
765,criticise
766,criticism
767,crowd
768,crucial
769,crumble
770,crunchy
771,crust
772,cucumber
773,cuisine
774,culinary
775,culprit
776,culture
777,curd
778,curfew
779,curious
780,curiously
781,curry
782,cursory
783,cushion
784,custard
785,custom
786,customer
787,cut
788,cute
789,cutlery
790,cutlet
791,cw
792,cylinder
793,cyril
794,dairy
795,dampen
796,dance
797,danilo
798,danish
799,dare
800,darina
801,dark
802,darken
803,date
804,daughter
805,davina
806,day
807,daylight
808,daytime
809,dead
810,deal
811,deborah
812,dec17
813,december
814,decency
815,decent
816,decide
817,decided
818,decision
819,deck
820,decline
821,deco
822,decor
823,decorate
824,decorating
825,decoration
826,dedicate
827,deem
828,deep
829,defence
830,definately
831,definetely
832,definitely
833,defo
834,degree
835,degustation
836,dehydrate
837,delay
838,delicat
839,delicate
840,delicious
841,delight
842,delightful
843,deliver
844,delivers
845,demand
846,demeanour
847,demonstrate
848,demotivated
849,denim
850,dennis
851,deny
852,depend
853,depth
854,desappointed
855,desappointing
856,described
857,description
858,desert
859,deserve
860,design
861,desire
862,desist
863,desk
864,despite
865,dessert
866,desserts
867,destination
868,destroy
869,detailed
870,detour
871,detriment
872,diarrhoea
873,didnt
874,die
875,dietary
876,difference
877,different
878,differently
879,difficult
880,digest
881,diggest
882,dignity
883,din
884,dine
885,diner
886,dining
887,dinner
888,dior
889,diplomacy
890,dire
891,direct
892,direction
893,dirty
894,disappear
895,disappoint
896,disappointed
897,disappointing
898,disappointment
899,disc
900,disconnect
901,discount
902,discover
903,discretionary
904,discriminate
905,discussed
906,disgrace
907,disgust
908,disgusted
909,dish
910,disingenuous
911,disinterested
912,disjoint
913,dislike
914,dismissal
915,disorganised
916,display
917,disposition
918,dispute
919,dissapointing
920,dissatisfied
921,distain
922,distance
923,distant
924,distract
925,district
926,ditch
927,diverse
928,diversified
929,divine
930,dlr
931,docklands
932,dockyard
933,dodgy
934,dog
935,dominate
936,dont
937,door
938,doorman
939,dorchester
940,doris
941,dory
942,double
943,doubt
944,douro
945,downside
946,downstairs
947,drab
948,dramatic
949,drat
950,draught
951,draw
952,dread
953,dreadful
954,dream
955,dress
956,dressing
957,drink
958,drinker
959,drinking
960,drop
961,dry
962,du
963,dubai
964,duck
965,dud
966,dull
967,duo
968,duration
969,dusk
970,duty
971,eager
972,eagle
973,earlier
974,early
975,earn
976,earnt
977,earth
978,easily
979,east
980,easter
981,easy
982,eat
983,eatery
984,eating
985,eclectic
986,ecstatic
987,edible
988,edwardian
989,effect
990,efficient
991,effort
992,effortlessly
993,egg
994,ego
995,elegant
996,element
997,elevated
998,elevator
999,email
1000,emanuele
1001,embarrass
1002,embarrassing
1003,embarrassment
1004,eminently
1005,emit
1006,emmanuel
1007,emphasis
1008,employ
1009,employee
1010,employer
1011,encircle
1012,encounter
1013,end
1014,endear
1015,endless
1016,energy
1017,engagement
1018,english
1019,enhance
1020,enjoy
1021,enjoyable
1022,enjoyed
1023,enormous
1024,enquire
1025,ensue
1026,ensure
1027,enter
1028,entertainment
1029,enthusiastic
1030,ential
1031,entice
1032,entire
1033,entirely
1034,entrance
1035,entrecote
1036,entree
1037,entry
1038,environment
1039,epic
1040,equally
1041,equate
1042,error
1043,escape
1044,escort
1045,especially
1046,espresso
1047,essentially
1048,establish
1049,establishment
1050,estalishing
1051,estate
1052,european
1053,eve
1054,eveline
1055,evening
1056,event
1057,eventually
1058,everyday
1059,everytime
1060,ex
1061,exactly
1062,example
1063,exceed
1064,excellence
1065,excellent
1066,exception
1067,exceptional
1068,exceptionally
1069,excessive
1070,excite
1071,excited
1072,excitement
1073,exciting
1074,exclude
1075,exclusive
1076,excuse
1077,execute
1078,executed
1079,executive
1080,exellente
1081,exemplary
1082,exeptionnal
1083,exhaust
1084,existence
1085,exit
1086,exotic
1087,expand
1088,expect
1089,expectation
1090,expensive
1091,experience
1092,experienced
1093,expertly
1094,explain
1095,explicit
1096,explicitly
1097,explore
1098,expound
1099,exquisite
1100,extension
1101,extensive
1102,extra
1103,extraordinary
1104,extremely
1105,eye
1106,fab
1107,fabric
1108,fabulous
1109,face
1110,facebook
1111,facemaker
1112,fact
1113,factor
1114,fail
1115,fair
1116,fairly
1117,faithful
1118,fake
1119,fall
1120,familiar
1121,family
1122,famous
1123,fan
1124,fancy
1125,fantastic
1126,far
1127,farm
1128,fascinating
1129,fashion
1130,fast
1131,faster
1132,fathom
1133,fault
1134,faultless
1135,favor
1136,favorite
1137,favour
1138,favourite
1139,feature
1140,feb
1141,february
1142,federico
1143,feed
1144,feedback
1145,feel
1146,feeling
1147,fell
1148,fellow
1149,felt
1150,female
1151,fenchurch
1152,fennel
1153,fever
1154,fiance
1155,fidgety
1156,field
1157,fig
1158,figure
1159,filet
1160,fillet
1161,filling
1162,final
1163,finally
1164,financial
1165,fine
1166,finer
1167,finger
1168,fingerfood
1169,finish
1170,firework
1171,firmament
1172,firstly
1173,fish
1174,fishbowl
1175,fit
1176,fix
1177,fixed
1178,fizz
1179,flag
1180,flagged
1181,flanagan
1182,flat
1183,flatmate
1184,flavor
1185,flavour
1186,flavourful
1187,flavoursome
1188,flawless
1189,flip
1190,floating
1191,floor
1192,flop
1193,florian
1194,flow
1195,flower
1196,flowing
1197,fluffy
1198,fly
1199,foam
1200,focaccia
1201,focus
1202,fog
1203,fogg
1204,foie
1205,fois
1206,follow
1207,following
1208,food
1209,foodie
1210,fool
1211,foot
1212,force
1213,forever
1214,forget
1215,forgot
1216,forgotten
1217,fork
1218,form
1219,formal
1220,forthcoming
1221,fortoul
1222,fortunately
1223,forward
1224,fours
1225,fourth
1226,foyer
1227,frame
1228,france
1229,frankly
1230,frantically
1231,free
1232,freeze
1233,french
1234,frequent
1235,frequently
1236,fresh
1237,freshly
1238,friday
1239,fridge
1240,fried
1241,friend
1242,friendliness
1243,friendly
1244,friendy
1245,fritter
1246,fruit
1247,fruity
1248,frustrate
1249,frustrating
1250,fry
1251,fully
1252,fun
1253,funky
1254,funny
1255,furnish
1256,fusion
1257,fuss
1258,fussy
1259,future
1260,gal
1261,gale
1262,game
1263,garden
1264,gariguette
1265,garnish
1266,gastromy
1267,gastronomic
1268,gather
1269,gathering
1270,gazpacho
1271,gem
1272,general
1273,generally
1274,generation
1275,generosity
1276,generous
1277,gentleman
1278,gently
1279,genuinely
1280,george
1281,georgiana
1282,gesture
1283,gf
1284,gift
1285,gin
1286,ginger
1287,girl
1288,girlfriend
1289,giullame
1290,glad
1291,glance
1292,gland
1293,glass
1294,glitch
1295,gloria
1296,glorious
1297,gluten
1298,gm
1299,goal
1300,goat
1301,god
1302,good
1303,goodbye
1304,goodness
1305,google
1306,gordon
1307,gorgeous
1308,gourmet
1309,grab
1310,gracefully
1311,gracious
1312,graciously
1313,grand
1314,grandson
1315,grapefruit
1316,gras
1317,grasp
1318,grass
1319,grateful
1320,great
1321,greated
1322,greatly
1323,green
1324,greenwich
1325,greet
1326,greeter
1327,grey
1328,grill
1329,grilled
1330,grinder
1331,gripe
1332,grois
1333,ground
1334,group
1335,grow
1336,grumpy
1337,grylls
1338,guarantee
1339,guard
1340,guess
1341,guest
1342,guidance
1343,guide
1344,guillame
1345,guillaume
1346,guilloume
1347,gummy
1348,guy
1349,guys
1350,gym
1351,gyoza
1352,habit
1353,haddock
1354,haha
1355,hahaha
1356,haircut
1357,hal
1358,halal
1359,half
1360,halfway
1361,halibut
1362,hand
1363,handwritten
1364,hang
1365,hangout
1366,haphazard
1367,haphazardly
1368,happen
1369,happiness
1370,happy
1371,hard
1372,hassle
1373,hate
1374,haunt
1375,head
1376,heading
1377,hear
1378,heard
1379,heart
1380,hearted
1381,heartfelt
1382,heartily
1383,heat
1384,heating
1385,heavy
1386,hectic
1387,height
1388,heighten
1389,helium
1390,hell
1391,hello
1392,help
1393,helpful
1394,hen
1395,hendricks
1396,herb
1397,hereford
1398,heron
1399,hertfordshire
1400,hesitation
1401,hey
1402,hi
1403,hic
1404,hidden
1405,hide
1406,high
1407,highlight
1408,highly
1409,hilarious
1410,hilariously
1411,hilton
1412,hip
1413,hipster
1414,hire
1415,historic
1416,history
1417,hit
1418,ho
1419,hold
1420,holic
1421,holiday
1422,home
1423,honest
1424,honestly
1425,honesty
1426,honor
1427,hop
1428,hope
1429,hopefully
1430,hopeless
1431,horizon
1432,horrendous
1433,horrible
1434,horrid
1435,horrify
1436,hospitable
1437,hospitality
1438,host
1439,hostess
1440,hot
1441,hotel
1442,hour
1443,house
1444,hr
1445,hubby
1446,huge
1447,hugely
1448,hugo
1449,human
1450,humiliate
1451,hummus
1452,humor
1453,humour
1454,hunger
1455,hunt
1456,hurry
1457,husband
1458,hype
1459,ibhad
1460,ice
1461,icing
1462,id
1463,idea
1464,ideal
1465,ignore
1466,im
1467,imaginative
1468,imagine
1469,imediately
1470,immediately
1471,impact
1472,impeccable
1473,impede
1474,impersonal
1475,important
1476,importantly
1477,impose
1478,impossible
1479,impresion
1480,impress
1481,impressed
1482,impression
1483,impressive
1484,impressively
1485,improve
1486,improvement
1487,inappropriate
1488,inattentive
1489,incense
1490,incl
1491,include
1492,incompetence
1493,inconsistent
1494,inconvenience
1495,incorrect
1496,incredible
1497,incredibly
1498,incremental
1499,incur
1500,indicate
1501,individual
1502,indoor
1503,industrial
1504,industry
1505,inedible
1506,inefficient
1507,inept
1508,infamous
1509,inform
1510,informal
1511,information
1512,informative
1513,infra
1514,ingredient
1515,initial
1516,initially
1517,innovative
1518,insane
1519,insanely
1520,inseparably
1521,inside
1522,insist
1523,inspiration
1524,inspire
1525,inspired
1526,insta
1527,instagrammable
1528,instead
1529,insulting
1530,intelligent
1531,intend
1532,intense
1533,interaction
1534,interested
1535,interesting
1536,interior
1537,intermittent
1538,internal
1539,intolerance
1540,intrigue
1541,introductory
1542,inventive
1543,invest
1544,invite
1545,inviting
1546,involve
1547,ipa
1548,ipads
1549,ir
1550,iron
1551,irrespective
1552,isit
1553,island
1554,isle
1555,issue
1556,istvan
1557,italian
1558,italy
1559,item
1560,ive
1561,ivy
1562,jackie
1563,jackpot
1564,jasmine
1565,jazz
1566,jazzy
1567,jean
1568,jeevan
1569,jelly
1570,jer
1571,jermore
1572,jerome
1573,jo
1574,job
1575,john
1576,join
1577,joke
1578,jokingly
1579,josper
1580,journey
1581,joy
1582,joyful
1583,jp
1584,juan
1585,judge
1586,juice
1587,julia
1588,july
1589,jump
1590,june
1591,jus
1592,justice
1593,justify
1594,kan
1595,katherine
1596,keen
1597,keenly
1598,kick
1599,kid
1600,kill
1601,kind
1602,kindly
1603,kindness
1604,king
1605,kinga
1606,kitchen
1607,knee
1608,knock
1609,know
1610,knowledgable
1611,knowledge
1612,knowledgeable
1613,konstantin
1614,la
1615,laborious
1616,laboriously
1617,lack
1618,lady
1619,lager
1620,laid
1621,laidback
1622,lamb
1623,lamby
1624,landmark
1625,landmarks
1626,language
1627,lap
1628,large
1629,lastly
1630,lastminute
1631,late
1632,later
1633,laugh
1634,launch
1635,law
1636,layout
1637,lazy
1638,lead
1639,leaf
1640,leant
1641,learn
1642,leather
1643,leave
1644,left
1645,legal
1646,legs
1647,lehman
1648,lemon
1649,lentils
1650,leon
1651,let
1652,level
1653,liam
1654,licensing
1655,lie
1656,life
1657,lift
1658,light
1659,lighting
1660,lights
1661,like
1662,like3
1663,likeliest
1664,likely
1665,likewise
1666,liking
1667,lime
1668,limit
1669,limited
1670,limoncello
1671,lincoln
1672,line
1673,linen
1674,lip
1675,liquor
1676,list
1677,listen
1678,literally
1679,lithuanian
1680,little
1681,live
1682,lively
1683,liz
1684,load
1685,lobby
1686,lobster
1687,local
1688,locally
1689,locate
1690,location
1691,lodge
1692,loft
1693,log
1694,londin
1695,london
1696,lone
1697,long
1698,longer
1699,loo
1700,look
1701,loose
1702,lord
1703,lorenzo
1704,lose
1705,lot
1706,loud
1707,loudly
1708,lounge
1709,love
1710,loved
1711,lovely
1712,low
1713,lower
1714,loyal
1715,loyalty
1716,luck
1717,luckily
1718,lucky
1719,luke
1720,lunch
1721,lure
1722,luxury
1723,mac
1724,machine
1725,mad
1726,magazine
1727,magic
1728,magical
1729,magnanimously
1730,magnet
1731,magnificent
1732,main
1733,mainly
1734,mains
1735,maison
1736,maitre
1737,major
1738,majority
1739,make
1740,male
1741,mama
1742,man
1743,manage
1744,management
1745,manager
1746,mandatory
1747,mango
1748,manhattan
1749,manner
1750,map
1751,mar
1752,marathon
1753,march
1754,marginally
1755,marketing
1756,married
1757,marrow
1758,martini
1759,martiny
1760,marvellous
1761,mary
1762,mash
1763,mashed
1764,mass
1765,master
1766,masterchef
1767,masterpiece
1768,match
1769,matching
1770,mate
1771,materialize
1772,matteo
1773,matter
1774,matthew
1775,maybe
1776,mayfair
1777,mayo
1778,mayonnaise
1779,meal
1780,mean
1781,meandering
1782,meant
1783,meat
1784,mechanical
1785,mediocre
1786,mediterranean
1787,medium
1788,meean
1789,meet
1790,meeting
1791,mellow
1792,melon
1793,melt
1794,member
1795,memorable
1796,memory
1797,men
1798,mention
1799,menu
1800,mercantile
1801,merely
1802,meringue
1803,message
1804,metal
1805,michelin
1806,micky
1807,microphone
1808,microwaved
1809,mid
1810,middle
1811,mighty
1812,migrant
1813,miki
1814,mild
1815,mile
1816,milk
1817,millenium
1818,millionaire
1819,min
1820,mind
1821,mini
1822,minimum
1823,minor
1824,mint
1825,minuet
1826,minute
1827,miscommunication
1828,misfortune
1829,misinform
1830,mislead
1831,miss
1832,mistake
1833,mix
1834,mixed
1835,mixologist
1836,mixture
1837,mmmm
1838,mock
1839,modern
1840,modernity
1841,moijto
1842,mom
1843,moment
1844,monday
1845,mondrian
1846,money
1847,month
1848,mood
1849,moorish
1850,morning
1851,morph
1852,mother
1853,mousse
1854,moussey
1855,mouth
1856,mouthful
1857,mouthwatering
1858,mozzarella
1859,mr
1860,mullet
1861,multiple
1862,mum
1863,mushroom
1864,music
1865,mustache
1866,mysterious
1867,mystery
1868,na
1869,nail
1870,nando
1871,national
1872,near
1873,nearby
1874,nearly
1875,neat
1876,need
1877,needle
1878,negative
1879,negroni
1880,negronis
1881,neighbor
1882,nelson
1883,nephew
1884,nerve
1885,nervous
1886,neutral
1887,new
1888,newly
1889,ni
1890,nibble
1891,nice
1892,nicely
1893,niece
1894,night
1895,noir
1896,noise
1897,noisy
1898,non
1899,nondescript
1900,nonetheless
1901,normal
1902,normally
1903,north
1904,northward
1905,notable
1906,notch
1907,note
1908,notice
1909,nov
1910,novatel
1911,novel
1912,novelty
1913,november
1914,novotel
1915,nudge
1916,number
1917,nut
1918,nutshell
1919,ny
1920,o2
1921,oblix
1922,observation
1923,obvious
1924,obviously
1925,occasion
1926,occasional
1927,occassion
1928,occupied
1929,occupy
1930,occur
1931,octopus
1932,octpus
1933,odd
1934,offensively
1935,offer
1936,office
1937,official
1938,oh
1939,oil
1940,oise
1941,ok
1942,okay
1943,old
1944,olive
1945,olives
1946,omg
1947,omit
1948,onion
1949,online
1950,onntap
1951,onwards
1952,open
1953,opening
1954,openly
1955,operation
1956,opinion
1957,opportunity
1958,oppose
1959,opposite
1960,opt
1961,option
1962,optional
1963,orange
1964,orchestrate
1965,order
1966,ordered
1967,ordering
1968,ordinary
1969,ordinate
1970,organ
1971,organic
1972,organisation
1973,organise
1974,organize
1975,origin
1976,original
1977,originally
1978,ornella
1979,osso
1980,oudoor
1981,ought
1982,outdoor
1983,outing
1984,outlook
1985,outrageous
1986,outside
1987,outstanding
1988,overal
1989,overall
1990,overbear
1991,overcharge
1992,overdone
1993,overlook
1994,overly
1995,overpower
1996,overprice
1997,overpriced
1998,override
1999,overseas
2000,pack
2001,padded
2002,padron
2003,page
2004,pain
2005,painfully
2006,pair
2007,paired
2008,pairing
2009,palate
2010,palette
2011,palm
2012,pan
2013,panaromic
2014,pancreas
2015,panic
2016,panoramic
2017,paper
2018,par
2019,parfait
2020,paris
2021,park
2022,parlour
2023,parmesan
2024,parody
2025,partake
2026,particular
2027,particularly
2028,partner
2029,party
2030,pas
2031,pass
2032,passion
2033,passionnate
2034,passionned
2035,past
2036,pasta
2037,pastel
2038,pastry
2039,pate
2040,patience
2041,patient
2042,patiently
2043,patrick
2044,patronise
2045,paul
2046,pay
2047,payment
2048,pea
2049,peak
2050,pear
2051,pearl
2052,pearson
2053,pedro
2054,penny
2055,people
2056,pepper
2057,percentage
2058,perfect
2059,perfection
2060,perfectly
2061,performance
2062,perfrect
2063,perfunctory
2064,period
2065,permit
2066,person
2067,personal
2068,personalise
2069,personally
2070,personnel
2071,perspective
2072,pescatarian
2073,pesto
2074,pet
2075,peter
2076,petit
2077,phase
2078,phenomenal
2079,philippe
2080,phone
2081,photo
2082,physically
2083,pic
2084,pick
2085,pickle
2086,picky
2087,picture
2088,pie
2089,piece
2090,pigeon
2091,pincher
2092,pink
2093,pinot
2094,pint
2095,pissaladiere
2096,pity
2097,pizza
2098,place
2099,placement
2100,plain
2101,plainly
2102,plaisure
2103,plan
2104,plastic
2105,plat
2106,plate
2107,plateau
2108,platform
2109,plating
2110,platter
2111,play
2112,playing
2113,pleasant
2114,pleased
2115,pleasurable
2116,pleasure
2117,plently
2118,plenty
2119,plesant
2120,plum
2121,plus
2122,poached
2123,podium
2124,point
2125,poison
2126,poisoning
2127,pole
2128,polenta
2129,policy
2130,polish
2131,polite
2132,politely
2133,politically
2134,pomegranate
2135,poor
2136,poorly
2137,pop
2138,popular
2139,populated
2140,pork
2141,pornstar
2142,portion
2143,portuguese
2144,position
2145,positive
2146,possibility
2147,possible
2148,possibly
2149,post
2150,pot
2151,potato
2152,potential
2153,pound
2154,pour
2155,power
2156,pp
2157,practically
2158,practice
2159,praise
2160,prawn
2161,pre
2162,precise
2163,prefer
2164,preferably
2165,preference
2166,pregnancy
2167,premise
2168,premium
2169,preparation
2170,prepare
2171,prepared
2172,presence
2173,present
2174,presentable
2175,presentantion
2176,presentation
2177,presented
2178,pressure
2179,pretended
2180,pretentious
2181,pretty
2182,previous
2183,previously
2184,price
2185,pricey
2186,priciest
2187,pricing
2188,pricy
2189,prime
2190,print
2191,prior
2192,priority
2193,privalidge
2194,private
2195,pro
2196,probably
2197,problem
2198,proceed
2199,process
2200,produce
2201,product
2202,profesional
2203,professional
2204,professionalism
2205,professionally
2206,profusely
2207,progress
2208,promise
2209,promising
2210,promote
2211,prompt
2212,promptly
2213,proper
2214,properly
2215,proposal
2216,propose
2217,prosaic
2218,prosecco
2219,proud
2220,prove
2221,proverbial
2222,provide
2223,pub
2224,publish
2225,pudding
2226,pugh
2227,pull
2228,punk
2229,purchase
2230,puree
2231,push
2232,puzzled
2233,quaffable
2234,quality
2235,quantity
2236,query
2237,question
2238,queue
2239,quick
2240,quickly
2241,quiet
2242,quietly
2243,quite
2244,race
2245,rack
2246,radio
2247,radish
2248,rain
2249,raise
2250,ramsey
2251,rancid
2252,randomly
2253,range
2254,rank
2255,rapidly
2256,rapport
2257,rare
2258,rarely
2259,raspberry
2260,rate
2261,rating
2262,rationalise
2263,raul
2264,ravioli
2265,raw
2266,reach
2267,react
2268,read
2269,reading
2270,ready
2271,real
2272,realise
2273,really
2274,reappear
2275,reason
2276,reasonable
2277,reasonably
2278,reassure
2279,reastaurant
2280,rebooking
2281,recall
2282,reccomend
2283,receipt
2284,receive
2285,recently
2286,reception
2287,receptionist
2288,recognize
2289,recommanded
2290,recommend
2291,recommendation
2292,recommended
2293,red
2294,redone
2295,reference
2296,refine
2297,reflect
2298,reflective
2299,refreshing
2300,refuse
2301,regard
2302,regardless
2303,regret
2304,regrettably
2305,regular
2306,regularly
2307,reheat
2308,relationship
2309,relatively
2310,relax
2311,relaxed
2312,relaxing
2313,relay
2314,remain
2315,remainder
2316,remark
2317,remarkable
2318,remember
2319,remind
2320,reminder
2321,remove
2322,repeat
2323,repeatedly
2324,replace
2325,replacement
2326,reply
2327,represent
2328,request
2329,requested
2330,require
2331,requirement
2332,rescue
2333,resemble
2334,reservation
2335,reserve
2336,reserved
2337,resi
2338,resident
2339,residue
2340,resolve
2341,resort
2342,resounds
2343,respect
2344,respond
2345,response
2346,responsibility
2347,rest
2348,restauarant
2349,restaurant
2350,restaurants
2351,restrict
2352,restroom
2353,result
2354,retrieve
2355,return
2356,reunion
2357,reveal
2358,review
2359,reviews
2360,revisit
2361,revisited
2362,rhubarb
2363,rib
2364,ribeye
2365,rich
2366,richard
2367,rick
2368,ricotta
2369,ridiculous
2370,riesling
2371,right
2372,rightly
2373,ring
2374,rip
2375,ripoff
2376,rise
2377,risk
2378,risotto
2379,rita
2380,river
2381,ro
2382,road
2383,roast
2384,roasted
2385,rob
2386,robert
2387,robotic
2388,robuchon
2389,rock
2390,roka
2391,roll
2392,romance
2393,romanian
2394,romantic
2395,roof
2396,rooftop
2397,rooibos
2398,room
2399,rope
2400,rotisserie
2401,rough
2402,roughly
2403,round
2404,routine
2405,row
2406,royal
2407,rude
2408,rudely
2409,ruin
2410,rump
2411,rumpus
2412,run
2413,runny
2414,rush
2415,rustic
2416,rusty
2417,sa
2418,sad
2419,saddle
2420,sadly
2421,safe
2422,saffron
2423,salad
2424,salmon
2425,salt
2426,salty
2427,salvage
2428,sample
2429,sandal
2430,sandra
2431,sandwich
2432,sarcasm
2433,sat
2434,sate
2435,satisfy
2436,saturday
2437,sauce
2438,saucer
2439,saudi
2440,sausage
2441,sauvignon
2442,save
2443,savoury
2444,saw
2445,say
2446,scallop
2447,scene
2448,schedule
2449,scoff
2450,score
2451,scotch
2452,scottish
2453,scratch
2454,scream
2455,screen
2456,script
2457,se
2458,sea
2459,seabass
2460,seafood
2461,seal
2462,sear
2463,search
2464,seared
2465,season
2466,seasonal
2467,seasoned
2468,seat
2469,seating
2470,sebastian
2471,second
2472,secondary
2473,secondly
2474,section
2475,secure
2476,security
2477,seeing
2478,seek
2479,select
2480,selection
2481,self
2482,sell
2483,semi
2484,send
2485,senior
2486,sensation
2487,sensational
2488,sense
2489,separate
2490,separately
2491,seriously
2492,serve
2493,served
2494,server
2495,service
2496,sesame
2497,set
2498,setback
2499,setting
2500,settle
2501,severe
2502,severel
2503,shaard
2504,shake
2505,shall
2506,shamble
2507,shame
2508,shape
2509,shard
2510,share
2511,sharing
2512,sheer
2513,sheet
2514,shelf
2515,shell
2516,shelter
2517,sheltered
2518,shin
2519,shine
2520,shirt
2521,shock
2522,shocking
2523,shoddy
2524,shoe
2525,shoreditch
2526,short
2527,shortbread
2528,shorten
2529,shortened
2530,shortly
2531,shot
2532,shoulder
2533,shout
2534,shrimp
2535,sick
2536,sigh
2537,sight
2538,sign
2539,signature
2540,significant
2541,significantly
2542,similar
2543,simple
2544,simply
2545,sing
2546,singer
2547,single
2548,sink
2549,sip
2550,sipping
2551,sirloin
2552,sit
2553,site
2554,sits
2555,situate
2556,situation
2557,size
2558,skill
2559,skills
2560,sky
2561,skyline
2562,skyscraper
2563,slap
2564,slavek
2565,sleep
2566,slick
2567,slight
2568,slightly
2569,slimy
2570,slip
2571,slop
2572,slot
2573,slow
2574,slowly
2575,small
2576,smart
2577,smell
2578,smile
2579,smite
2580,smoke
2581,smoked
2582,smoking
2583,smoky
2584,smooth
2585,snack
2586,snappy
2587,sneak
2588,sneeze
2589,snobby
2590,snottiness
2591,social
2592,sofa
2593,soft
2594,soggy
2595,solution
2596,somewhat
2597,sommelier
2598,son
2599,song
2600,soon
2601,sooo
2602,soooo
2603,soooooo
2604,sophisticated
2605,sorbet
2606,sorroundings
2607,sorry
2608,sort
2609,souffle
2610,soul
2611,sound
2612,soup
2613,sour
2614,sourced
2615,sous
2616,south
2617,soya
2618,space
2619,spacious
2620,spaghetti
2621,span
2622,spanish
2623,spare
2624,sparkle
2625,sparkling
2626,sparsely
2627,speak
2628,special
2629,specialise
2630,specially
2631,specifically
2632,spectacular
2633,speed
2634,speedy
2635,spell
2636,spend
2637,spending
2638,spent
2639,spice
2640,spicy
2641,spikey
2642,spill
2643,spinach
2644,spirit
2645,splash
2646,splendid
2647,split
2648,spoil
2649,spontaneous
2650,spoon
2651,sportswear
2652,spot
2653,spread
2654,spring
2655,sprinkle
2656,sprite
2657,squaremeal
2658,squash
2659,squeal
2660,squealing
2661,squid
2662,squizzed
2663,st
2664,staff
2665,staffed
2666,stagger
2667,stair
2668,staircase
2669,stake
2670,stand
2671,standard
2672,standout
2673,staple
2674,star
2675,start
2676,starter
2677,starting
2678,starve
2679,state
2680,stater
2681,station
2682,stay
2683,steak
2684,steaks
2685,steal
2686,steam
2687,steamed
2688,steep
2689,stein
2690,stellar
2691,stem
2692,step
2693,stephan
2694,stereotypical
2695,stew
2696,stock
2697,stone
2698,stool
2699,stop
2700,stopping
2701,storey
2702,storm
2703,story
2704,straight
2705,strand
2706,strange
2707,straw
2708,strawberry
2709,stray
2710,stream
2711,street
2712,strength
2713,stress
2714,stressful
2715,stressibg
2716,strong
2717,strongly
2718,struggle
2719,student
2720,stuff
2721,stuffed
2722,stuffy
2723,stun
2724,stunning
2725,stupid
2726,style
2727,stylish
2728,stylishly
2729,sublime
2730,substance
2731,substantial
2732,subtle
2733,success
2734,successful
2735,succession
2736,succulent
2737,suchlike
2738,suffer
2739,sugar
2740,suggest
2741,suit
2742,suitably
2743,summary
2744,summer
2745,sun
2746,sunday
2747,sunglass
2748,sunny
2749,sunrise
2750,sunset
2751,sunshine
2752,super
2753,superb
2754,superior
2755,superlative
2756,supervet
2757,supper
2758,supply
2759,suppose
2760,supposedly
2761,sure
2762,surely
2763,surly
2764,surprise
2765,surprised
2766,surprising
2767,surprisingly
2768,surround
2769,surroundings
2770,suspect
2771,suspicion
2772,swamp
2773,swathe
2774,sweet
2775,sweetbread
2776,swift
2777,swiftly
2778,swing
2779,switch
2780,switzerland
2781,sympathetic
2782,tab
2783,table
2784,tad
2785,tail
2786,taint
2787,taittinger
2788,takeaway
2789,talented
2790,talk
2791,talkie
2792,tall
2793,taller
2794,tang
2795,taook
2796,tap
2797,tarnish
2798,tart
2799,tartar
2800,tartare
2801,taste
2802,tasteless
2803,taster
2804,tastey
2805,tasting
2806,tasty
2807,tatyana
2808,taxi
2809,te
2810,tea
2811,team
2812,tear
2813,technical
2814,teethe
2815,tel
2816,telephone
2817,telescope
2818,tell
2819,temperature
2820,tend
2821,tender
2822,teodora
2823,tepid
2824,tequila
2825,terasse
2826,term
2827,terrace
2828,terrasse
2829,terrible
2830,terrific
2831,tersigni
2832,test
2833,texture
2834,textures
2835,thames
2836,thank
2837,thankful
2838,thankfully
2839,thanks
2840,thats
2841,theme
2842,theory
2843,thing
2844,think
2845,thirsty
2846,thirty
2847,thorough
2848,thoroughly
2849,thought
2850,thoughtful
2851,thoughtfully
2852,thread
2853,thrill
2854,throat
2855,throughly
2856,throught
2857,throw
2858,thursday
2859,thy
2860,thymus
2861,tick
2862,ticket
2863,tighten
2864,till
2865,tim
2866,time
2867,timing
2868,tiny
2869,tip
2870,tips
2871,tiramisu
2872,tire
2873,title
2874,toast
2875,today
2876,toddler
2877,toilet
2878,token
2879,told
2880,tolerable
2881,tolerance
2882,tomas
2883,tomato
2884,tomorrow
2885,tone
2886,tonic
2887,tonight
2888,torch
2889,torched
2890,tortellini
2891,total
2892,totally
2893,touch
2894,tour
2895,tourist
2896,tower
2897,town
2898,track
2899,traditional
2900,traffic
2901,train
2902,trainer
2903,training
2904,trait
2905,transient
2906,translate
2907,transport
2908,transpose
2909,travel
2910,traveler
2911,travesty
2912,treat
2913,treatment
2914,trek
2915,tremendous
2916,trendy
2917,trim
2918,trip
2919,tripadvisor
2920,tropical
2921,trouble
2922,trouser
2923,true
2924,truffle
2925,truly
2926,trumpet
2927,trust
2928,try
2929,tsrnascripted
2930,tube
2931,tuck
2932,tuesday
2933,tuna
2934,tune
2935,turbot
2936,turkey
2937,turn
2938,turned
2939,twice
2940,twist
2941,type
2942,typical
2943,uber
2944,uk
2945,unable
2946,unacceptable
2947,unannounced
2948,unapologetic
2949,unaware
2950,unbeatable
2951,unbelievable
2952,uncluttered
2953,uncomfortable
2954,uncomplicated
2955,unctuous
2956,undeniable
2957,undercooked
2958,underrated
2959,understaffed
2960,understand
2961,understandable
2962,understanding
2963,understatement
2964,underwhelming
2965,unexpected
2966,unfailingly
2967,unfinished
2968,unforgettable
2969,unfortunate
2970,unfortunately
2971,unfortunetly
2972,unfriendly
2973,unhelpful
2974,uniformed
2975,uninspiring
2976,unique
2977,uniquely
2978,universally
2979,unjustified
2980,unknown
2981,unless
2982,unlike
2983,unlimited
2984,unnecessarily
2985,unobstructed
2986,unpleasant
2987,unpleasantness
2988,unpretentious
2989,unqualified
2990,unreal
2991,unreasonable
2992,unsure
2993,unsurprisingly
2994,untidy
2995,untruthful
2996,unusual
2997,unwarranted
2998,unwelcome
2999,unwelcoming
3000,unwilling
3001,unwittingly
3002,update
3003,upmarket
3004,upper
3005,ups
3006,upset
3007,upstairs
3008,use
3009,user
3010,usual
3011,usually
3012,utmost
3013,utter
3014,valentine
3015,value
3016,vanilla
3017,varied
3018,variety
3019,various
3020,vast
3021,veal
3022,veg
3023,vegan
3024,vegetable
3025,vegetarian
3026,vegitarian
3027,veiws
3028,veloute
3029,veni
3030,venison
3031,ventsislava
3032,venture
3033,venue
3034,verge
3035,verse
3036,version
3037,vey
3038,vibe
3039,vicinity
3040,view
3041,viewing
3042,village
3043,vin
3044,vineyard
3045,vini
3046,viognier
3047,vip
3048,virtually
3049,visible
3050,vision
3051,visit
3052,visiting
3053,visitor
3054,vista
3055,vocabulary
3056,voice
3057,volume
3058,vomiting
3059,vsit
3060,wagyu
3061,wais
3062,wait
3063,waited
3064,waiter
3065,waitered
3066,waiting
3067,waitor
3068,waitress
3069,wakame
3070,wakeup
3071,walk
3072,walkie
3073,wall
3074,wallpaper
3075,wan
3076,want
3077,waouuhh
3078,ward
3079,warf
3080,warm
3081,warmer
3082,warmish
3083,warmly
3084,warmth
3085,warn
3086,warrant
3087,wasabi
3088,wash
3089,washroom
3090,wasnt
3091,waste
3092,wasteful
3093,watch
3094,water
3095,wave
3096,way
3097,weak
3098,wear
3099,weather
3100,weatherspoon
3101,website
3102,wed
3103,weddell
3104,wedding
3105,wednesday
3106,wee
3107,week
3108,weekday
3109,weekend
3110,weeknight
3111,weight
3112,weird
3113,welcome
3114,welcoming
3115,west
3116,whalf
3117,whaou
3118,wharf
3119,wharfers
3120,whathever
3121,whatsoever
3122,wheel
3123,whilst
3124,whisk
3125,white
3126,wholesale
3127,wide
3128,widely
3129,wiev
3130,wife
3131,wild
3132,wile
3133,willing
3134,willingly
3135,win
3136,wind
3137,window
3138,windows
3139,windy
3140,wine
3141,winelist
3142,winner
3143,winter
3144,wipe
3145,wish
3146,witness
3147,wlll
3148,woman
3149,wonder
3150,wonderful
3151,wonderfully
3152,wood
3153,wooden
3154,word
3155,work
3156,worker
3157,working
3158,world
3159,worldwide
3160,worry
3161,worth
3162,worthy
3163,wouldnt
3164,wow
3165,wrap
3166,write
3167,wrong
3168,wrongly
3169,xxx
3170,xxxx
3171,year
3172,yep
3173,yes
3174,yesterday
3175,yo
3176,yolk
3177,york
3178,young
3179,yr
3180,yummmm
3181,yummy
3182,yuzu
3183,zesty
